identity,image_count,is_empty
n000002,315,False
n000003,205,False
n000004,387,False
n000005,229,False
n000006,485,False
n000007,259,False
n000008,273,False
n000010,156,False
n000011,380,False
n000012,382,False
n000013,314,False
n000014,288,False
n000015,248,False
n000016,449,False
n000017,319,False
n000018,283,False
n000019,374,False
n000020,450,False
n000021,286,False
n000022,396,False
n000023,398,False
n000024,451,False
n000025,309,False
n000026,373,False
n000027,382,False
n000028,264,False
n000030,268,False
n000031,305,False
n000032,519,False
n000033,357,False
n000034,306,False
n000035,237,False
n000036,374,False
n000037,206,False
n000038,419,False
n000039,376,False
n000041,391,False
n000042,265,False
n000043,493,False
n000044,364,False
n000045,246,False
n000046,411,False
n000047,330,False
n000048,216,False
n000049,440,False
n000050,400,False
n000051,327,False
n000052,212,False
n000053,381,False
n000054,438,False
n000055,450,False
n000056,304,False
n000057,365,False
n000058,444,False
n000059,346,False
n000060,495,False
n000061,376,False
n000062,321,False
n000063,437,False
n000064,378,False
n000065,394,False
n000066,339,False
n000067,511,False
n000068,304,False
n000069,398,False
n000070,422,False
n000071,320,False
n000072,306,False
n000073,320,False
n000074,259,False
n000075,192,False
n000076,304,False
n000077,319,False
n000079,448,False
n000080,594,False
n000081,536,False
n000083,498,False
n000084,448,False
n000085,454,False
n000086,438,False
n000087,434,False
n000088,386,False
n000089,303,False
n000090,469,False
n000091,206,False
n000092,250,False
n000093,176,False
n000094,432,False
n000095,216,False
n000096,425,False
n000097,603,False
n000098,482,False
n000099,346,False
n000100,485,False
n000101,285,False
n000102,375,False
n000103,572,False
n000104,445,False
n000105,515,False
n000107,226,False
n000108,401,False
n000109,478,False
n000110,359,False
n000111,511,False
n000112,283,False
n000113,217,False
n000114,336,False
n000115,301,False
n000116,440,False
n000117,371,False
n000118,392,False
n000119,207,False
n000120,417,False
n000121,349,False
n000122,365,False
n000123,316,False
n000124,310,False
n000125,186,False
n000126,429,False
n000127,271,False
n000128,207,False
n000130,372,False
n000131,358,False
n000132,334,False
n000133,285,False
n000134,404,False
n000135,158,False
n000136,266,False
n000137,226,False
n000138,304,False
n000139,432,False
n000140,446,False
n000141,367,False
n000142,437,False
n000143,258,False
n000144,314,False
n000145,405,False
n000146,312,False
n000150,446,False
n000151,433,False
n000152,392,False
n000154,487,False
n000155,291,False
n000156,358,False
n000157,408,False
n000158,373,False
n000159,494,False
n000160,385,False
n000161,379,False
n000162,292,False
n000163,542,False
n000164,375,False
n000165,289,False
n000166,400,False
n000167,417,False
n000168,289,False
n000169,328,False
n000170,384,False
n000171,459,False
n000172,484,False
n000173,286,False
n000174,280,False
n000175,351,False
n000176,560,False
n000177,266,False
n000179,388,False
n000180,330,False
n000181,399,False
n000182,280,False
n000183,314,False
n000184,416,False
n000185,554,False
n000186,500,False
n000187,376,False
n000188,494,False
n000189,175,False
n000190,346,False
n000191,385,False
n000192,518,False
n000193,271,False
n000194,193,False
n000195,300,False
n000196,188,False
n000197,323,False
n000198,240,False
n000199,413,False
n000201,277,False
n000202,648,False
n000203,526,False
n000204,378,False
n000205,418,False
n000206,368,False
n000207,386,False
n000208,276,False
n000209,363,False
n000210,279,False
n000211,333,False
n000212,312,False
n000213,271,False
n000214,486,False
n000215,440,False
n000216,371,False
n000217,439,False
n000218,336,False
n000219,365,False
n000220,476,False
n000221,371,False
n000222,411,False
n000223,506,False
n000224,296,False
n000225,623,False
n000226,247,False
n000227,564,False
n000228,596,False
n000229,271,False
n000230,272,False
n000231,260,False
n000232,246,False
n000233,311,False
n000234,639,False
n000235,414,False
n000236,481,False
n000237,230,False
n000238,474,False
n000239,330,False
n000240,396,False
n000241,548,False
n000242,437,False
n000243,436,False
n000244,334,False
n000245,299,False
n000246,228,False
n000247,213,False
n000248,518,False
n000249,392,False
n000250,415,False
n000251,308,False
n000252,300,False
n000253,113,False
n000254,332,False
n000255,580,False
n000256,207,False
n000257,520,False
n000258,230,False
n000260,474,False
n000261,328,False
n000262,433,False
n000263,308,False
n000264,438,False
n000265,499,False
n000266,677,False
n000267,352,False
n000268,479,False
n000269,238,False
n000270,720,False
n000271,503,False
n000272,398,False
n000273,246,False
n000274,462,False
n000275,433,False
n000276,318,False
n000277,491,False
n000278,199,False
n000279,206,False
n000280,284,False
n000281,345,False
n000282,588,False
n000283,326,False
n000285,388,False
n000286,442,False
n000287,422,False
n000288,430,False
n000289,327,False
n000290,211,False
n000291,336,False
n000292,389,False
n000293,222,False
n000294,349,False
n000295,398,False
n000296,276,False
n000297,499,False
n000298,242,False
n000299,397,False
n000300,518,False
n000301,347,False
n000302,613,False
n000303,174,False
n000304,272,False
n000305,438,False
n000306,459,False
n000307,320,False
n000308,328,False
n000309,462,False
n000310,319,False
n000311,362,False
n000312,266,False
n000313,225,False
n000314,617,False
n000315,278,False
n000316,497,False
n000317,191,False
n000318,482,False
n000319,355,False
n000320,385,False
n000321,381,False
n000322,327,False
n000323,360,False
n000324,318,False
n000325,254,False
n000326,529,False
n000327,253,False
n000328,240,False
n000329,434,False
n000330,326,False
n000331,510,False
n000332,564,False
n000333,350,False
n000334,262,False
n000335,235,False
n000336,296,False
n000337,350,False
n000338,311,False
n000339,242,False
n000340,268,False
n000341,436,False
n000342,206,False
n000343,346,False
n000344,366,False
n000345,436,False
n000346,413,False
n000347,424,False
n000348,338,False
n000349,209,False
n000350,442,False
n000351,448,False
n000352,475,False
n000353,285,False
n000354,370,False
n000355,384,False
n000356,387,False
n000357,414,False
n000358,519,False
n000359,455,False
n000360,154,False
n000361,386,False
n000362,234,False
n000364,269,False
n000365,377,False
n000366,241,False
n000367,393,False
n000368,382,False
n000369,342,False
n000370,254,False
n000371,282,False
n000372,435,False
n000373,408,False
n000374,392,False
n000375,327,False
n000376,433,False
n000377,473,False
n000378,530,False
n000379,357,False
n000380,452,False
n000381,301,False
n000382,308,False
n000383,400,False
n000384,276,False
n000385,273,False
n000386,329,False
n000387,442,False
n000388,315,False
n000389,255,False
n000390,205,False
n000391,425,False
n000392,353,False
n000393,332,False
n000395,605,False
n000396,307,False
n000397,539,False
n000398,273,False
n000399,538,False
n000400,238,False
n000401,392,False
n000402,351,False
n000403,495,False
n000405,404,False
n000406,434,False
n000407,304,False
n000408,275,False
n000409,362,False
n000411,466,False
n000412,434,False
n000413,437,False
n000414,356,False
n000415,335,False
n000416,299,False
n000417,393,False
n000418,422,False
n000419,689,False
n000420,452,False
n000421,387,False
n000422,415,False
n000423,222,False
n000424,207,False
n000425,454,False
n000426,402,False
n000427,315,False
n000428,373,False
n000429,491,False
n000430,231,False
n000431,255,False
n000432,255,False
n000433,213,False
n000434,470,False
n000435,420,False
n000436,200,False
n000437,175,False
n000438,556,False
n000439,191,False
n000440,433,False
n000441,474,False
n000442,322,False
n000443,379,False
n000444,385,False
n000445,344,False
n000446,397,False
n000447,397,False
n000448,252,False
n000449,366,False
n000450,412,False
n000451,364,False
n000453,349,False
n000454,331,False
n000455,263,False
n000456,481,False
n000457,281,False
n000458,386,False
n000459,443,False
n000460,378,False
n000461,341,False
n000462,455,False
n000463,384,False
n000464,373,False
n000465,436,False
n000466,336,False
n000467,367,False
n000468,217,False
n000469,476,False
n000470,157,False
n000471,373,False
n000472,658,False
n000473,364,False
n000474,252,False
n000475,351,False
n000476,435,False
n000477,302,False
n000478,390,False
n000479,427,False
n000481,348,False
n000482,461,False
n000483,383,False
n000484,463,False
n000485,453,False
n000486,215,False
n000487,341,False
n000488,411,False
n000489,338,False
n000490,338,False
n000491,502,False
n000492,359,False
n000493,102,False
n000494,475,False
n000495,443,False
n000496,293,False
n000497,492,False
n000498,415,False
n000499,280,False
n000500,477,False
n000501,374,False
n000502,335,False
